,Feature,Global_Impact,Error_Impact,Global_Rank,Error_Rank,Rank_Shift
407,swin_t_dim_407,0.007204565287486113,0.011399123701769855,2,1,1
399,swin_t_dim_399,0.00830420280188041,0.009377146193303942,1,2,-1
743,swin_t_dim_743,0.004325130298158856,0.008138520287076333,5,3,2
686,swin_t_dim_686,0.004024279194931023,0.0076272711681998435,8,4,4
521,swin_t_dim_521,0.006156364049055739,0.007179683278759596,3,5,-2
113,swin_t_dim_113,0.0029126031510165484,0.005514641102102153,12,6,6
764,swin_t_dim_764,0.002366868678709515,0.005491938810795082,17,7,10
393,swin_t_dim_393,0.00423707404568293,0.004131407985148238,6,8,-2
498,swin_t_dim_498,0.004096131769822763,0.004021936301730317,7,9,-2
119,swin_t_dim_119,0.0011911133184638186,0.00371000231959103,42,10,32
201,swin_t_dim_201,0.00459801312497659,0.0036896454236738123,4,11,-7
725,swin_t_dim_725,0.0012342174551389384,0.0036758611743661143,39,12,27
140,swin_t_dim_140,0.0030538165732699736,0.003393406367585201,10,13,-3
690,swin_t_dim_690,0.0016039069919571854,0.0033404721544830177,30,14,16
786,num_aria_label,0.0005377972549992466,0.0032279937163126643,205,15,190
43,swin_t_dim_43,0.0002938244155337532,0.003046495255797336,432,16,416
619,swin_t_dim_619,0.0005443856528858353,0.003033235697769217,201,17,184
314,swin_t_dim_314,0.000291491769338927,0.0030223093978825584,435,18,417
674,swin_t_dim_674,0.0014836920657704804,0.002967529640926491,32,19,13
40,swin_t_dim_40,0.000557485499001803,0.0027605086945805147,191,20,171
20,swin_t_dim_20,0.0008061654963623851,0.0027262910791825607,76,21,55
387,swin_t_dim_387,0.0003750700389083478,0.002722569244274797,336,22,314
38,swin_t_dim_38,0.0023628382445936734,0.0026764343187486573,18,23,-5
223,swin_t_dim_223,0.0014004121667344062,0.0026584773036854655,35,24,11
466,swin_t_dim_466,0.0007054630160831353,0.002619867008142351,111,25,86
270,swin_t_dim_270,0.0006669969110267347,0.002556202237473559,128,26,102
656,swin_t_dim_656,0.0005764947997274826,0.0025481065434677583,176,27,149
542,swin_t_dim_542,0.0006553602879432204,0.0025283880657065265,134,28,106
304,swin_t_dim_304,0.0004761236463993492,0.0024994838834504337,241,29,212
493,swin_t_dim_493,0.000463901852605486,0.002498415790253737,253,30,223
482,swin_t_dim_482,0.0009002430141826001,0.0024367641770920104,66,31,35
191,swin_t_dim_191,0.0008303600621134626,0.0023766637903414006,72,32,40
773,whitespace_ratio,0.00039616683515817806,0.002375304135370891,316,33,283
392,swin_t_dim_392,0.002371975126320551,0.002363320357819929,16,34,-18
770,colour_variance,0.0004672150031440568,0.0023397137184250627,249,35,214
758,swin_t_dim_758,0.0003440644069024659,0.0023134909211840987,366,36,330
734,swin_t_dim_734,0.00037984934625395,0.0023127694146583134,328,37,291
273,swin_t_dim_273,0.00022004720793585898,0.0022815421033349588,521,38,483
368,swin_t_dim_368,0.0009520357585303044,0.0022698896255634988,59,39,20
90,swin_t_dim_90,0.0005812423983209961,0.002187539416943668,170,40,130
623,swin_t_dim_623,0.0029166202654147947,0.0021867365152404596,11,41,-30
658,swin_t_dim_658,0.0004947414863238155,0.0021648621703613943,227,42,185
576,swin_t_dim_576,0.0011672098620013629,0.0021517479722867874,44,43,1
145,swin_t_dim_145,0.0016850342163436843,0.0021221004004869765,28,44,-16
659,swin_t_dim_659,0.0004328796791893007,0.0021085091891062725,278,45,233
610,swin_t_dim_610,0.00020297549042557392,0.00210453534809674,551,46,505
357,swin_t_dim_357,0.0003416883090121938,0.0021043101593835197,369,47,322
651,swin_t_dim_651,0.0019864544874079923,0.0020563112092504437,22,48,-26
545,swin_t_dim_545,0.0011207661454191678,0.00203696974013838,48,49,-1
728,swin_t_dim_728,0.0018179343692736446,0.001927947383778919,26,50,-24
558,swin_t_dim_558,0.00048422642597456734,0.0019213521799935195,234,51,183
263,swin_t_dim_263,0.0005733273372677016,0.0018990333886375256,179,52,127
585,swin_t_dim_585,0.0006511473289566771,0.001892733836116753,140,53,87
582,swin_t_dim_582,0.0002134647805079529,0.0018683120909720932,530,54,476
385,swin_t_dim_385,0.00045034666544880474,0.0018471218624769128,263,55,208
638,swin_t_dim_638,0.00048150022670744215,0.0018115092911595338,236,56,180
573,swin_t_dim_573,0.0006056479854614412,0.0018093414122028726,157,57,100
408,swin_t_dim_408,0.00021129509682472436,0.0018081632090073986,531,58,473
62,swin_t_dim_62,0.00037583080430912474,0.0017911151761835881,333,59,274
25,swin_t_dim_25,0.0003026454075671771,0.001718937462245911,415,60,355
173,swin_t_dim_173,0.00045068006929679407,0.0017065334327946225,262,61,201
253,swin_t_dim_253,0.00042215378297239334,0.0016843641730681876,287,62,225
741,swin_t_dim_741,0.00015986155051789285,0.001657511865896047,611,63,548
569,swin_t_dim_569,0.0005064187562532319,0.001642232249406709,223,64,159
139,swin_t_dim_139,0.0016114338487623467,0.0016270946287981045,29,65,-36
683,swin_t_dim_683,0.000282890098558313,0.0016130332864789576,445,66,379
125,swin_t_dim_125,0.00046941478001150474,0.0016124335724906687,248,67,181
56,swin_t_dim_56,0.000448367055922056,0.0016042680727309537,266,68,198
315,swin_t_dim_315,0.00021484046782792142,0.0015910767615477924,525,69,456
666,swin_t_dim_666,0.00021393420687178111,0.001574410513253175,528,70,458
694,swin_t_dim_694,0.000228918364932395,0.0014996977509225487,511,71,440
41,swin_t_dim_41,0.0009579095465048236,0.0014914258667582969,56,72,-16
159,swin_t_dim_159,0.0006345709639159583,0.0014642087302196697,145,73,72
549,swin_t_dim_549,0.002102163193138323,0.0014411553347484407,20,74,-54
378,swin_t_dim_378,0.0009563303301359994,0.001430002965421302,57,75,-18
256,swin_t_dim_256,0.00044092442430721093,0.0014211726915219424,275,76,199
587,swin_t_dim_587,0.0015319139627997652,0.0014178303665766964,31,77,-46
525,swin_t_dim_525,0.0007197948808835274,0.0014096803385101487,105,78,27
687,swin_t_dim_687,0.0006196222091283618,0.0014033926614717657,152,79,73
328,swin_t_dim_328,0.0005993528901572755,0.0013894847668079644,160,80,80
176,swin_t_dim_176,0.0002140418506568777,0.0013829607615715557,527,81,446
277,swin_t_dim_277,0.0005926159860269075,0.0013563633656104588,164,82,82
63,swin_t_dim_63,0.0009936424731399327,0.0013337096060848461,52,83,-31
596,swin_t_dim_596,0.0006715924920469532,0.0013320258432881584,125,84,41
257,swin_t_dim_257,0.0007156452528705806,0.0013128253963776994,109,85,24
744,swin_t_dim_744,0.00048101087587867545,0.001307740181293525,237,86,151
8,swin_t_dim_8,0.00044033008133374004,0.001287816692281137,276,87,189
618,swin_t_dim_618,0.0005034326482062013,0.0012632949011269158,224,88,136
241,swin_t_dim_241,0.0012166424725239557,0.0012501607163614833,40,89,-49
441,swin_t_dim_441,0.0009533569634755544,0.0012499959346213628,58,90,-32
420,swin_t_dim_420,0.0005461475559837836,0.0012445631855809102,199,91,108
536,swin_t_dim_536,0.00032301480269627983,0.0012437300604357627,390,92,298
276,swin_t_dim_276,0.00022225283446629073,0.0012434548373486262,518,93,425
600,swin_t_dim_600,0.0002812491871605579,0.0012174844922636925,448,94,354
751,swin_t_dim_751,0.0018450569045942665,0.0012119015664555977,25,95,-70
366,swin_t_dim_366,0.00017474487378005128,0.0011519487956500316,585,96,489
193,swin_t_dim_193,0.0006516970119812907,0.0011333288172487854,138,97,41
762,swin_t_dim_762,0.000599763448241552,0.00111774588854881,159,98,61
137,swin_t_dim_137,0.000667081191996875,0.001105064032509126,127,99,28
34,swin_t_dim_34,0.0009171214584211382,0.001094536720065884,64,100,-36
453,swin_t_dim_453,0.0006229369268797838,0.001065685299963788,150,101,49
352,swin_t_dim_352,0.0007605674124074763,0.0010449833823018262,90,102,-12
563,swin_t_dim_563,0.002317620265493166,0.0010322028732381967,19,103,-84
643,swin_t_dim_643,0.0013005670481319352,0.0010224891258913816,38,104,-66
652,swin_t_dim_652,0.0011958387355587114,0.0010218629802757416,41,105,-64
390,swin_t_dim_390,0.00016927073451559723,0.0010155443099683157,597,106,491
234,swin_t_dim_234,0.000666286924403708,0.0009889917146040919,129,107,22
605,swin_t_dim_605,0.0004459583784576235,0.0009850851917567905,269,108,161
442,swin_t_dim_442,0.003800040195801758,0.0009694300128255002,9,109,-100
736,swin_t_dim_736,0.0003915151932795764,0.0009357241359311786,321,110,211
703,swin_t_dim_703,0.0005449422019609143,0.0009259299524077977,200,111,89
155,swin_t_dim_155,0.0005793597321014139,0.0008792281034545908,172,112,60
451,swin_t_dim_451,0.0008152083995111302,0.0008613728449974411,74,113,-39
448,swin_t_dim_448,0.001171751879436266,0.0008317265426701163,43,114,-71
537,swin_t_dim_537,0.0008791765487958512,0.0008262594161832904,68,115,-47
617,swin_t_dim_617,0.0005826626715842133,0.0008221896778755016,168,116,52
360,swin_t_dim_360,0.0017001335523847269,0.0008218878409880146,27,117,-90
109,swin_t_dim_109,0.0003319689421720607,0.000820959555430368,380,118,262
433,swin_t_dim_433,0.0006953519487436637,0.0008153570152475213,114,119,-5
124,swin_t_dim_124,7.844786674311732e-05,0.0008133805130733742,691,120,571
416,swin_t_dim_416,0.0002479539206386102,0.0008044836883265368,482,121,361
689,swin_t_dim_689,0.0002137537017551777,0.0007712311709741627,529,122,407
620,swin_t_dim_620,0.0005833886409033452,0.0007601184333473033,167,123,44
754,swin_t_dim_754,0.0007808223308894498,0.0007546630961971523,86,124,-38
737,swin_t_dim_737,0.0006058252055350655,0.0007510391002028606,156,125,31
377,swin_t_dim_377,0.0009278397238954141,0.0007468767812688419,61,126,-65
284,swin_t_dim_284,0.0018567105794198059,0.0007437562763497763,23,127,-104
470,swin_t_dim_470,0.0002659364782195666,0.0007414396173227297,466,128,338
313,swin_t_dim_313,0.000746878178788062,0.0007381913392897433,95,129,-34
394,swin_t_dim_394,0.0008362740592553318,0.0007356472441098088,71,130,-59
713,swin_t_dim_713,0.0002995380395828623,0.0007311230946886032,418,131,287
16,swin_t_dim_16,0.00018917328113160253,0.0007142148394486254,569,132,437
738,swin_t_dim_738,0.0007157034918998567,0.0006963246750402324,108,133,-25
21,swin_t_dim_21,0.000404328864175276,0.0006962118657034952,307,134,173
381,swin_t_dim_381,0.0010987015806227037,0.0006751381302238127,49,135,-86
795,has_nav_landmark,0.0002932626584366664,0.0006706710833460677,433,136,297
246,swin_t_dim_246,0.0003105980136673566,0.0006602089604670655,402,137,265
645,swin_t_dim_645,0.00034581598117726164,0.0006433068234578645,364,138,226
28,swin_t_dim_28,0.0003031861821157467,0.0006312899925463081,414,139,275
330,swin_t_dim_330,0.00037759247147006557,0.0006205930375820897,331,140,191
121,swin_t_dim_121,0.0007219696480355965,0.0006176871020316441,104,141,-37
71,swin_t_dim_71,0.0003046827873136911,0.0006145946235710754,411,142,269
340,swin_t_dim_340,0.00096153710386493,0.0005987708451988543,55,143,-88
120,swin_t_dim_120,0.00046431288780525345,0.0005974930754661193,252,144,108
555,swin_t_dim_555,0.00025189685132810435,0.0005847599195639642,477,145,332
396,swin_t_dim_396,0.0005296766865826786,0.0005797331633889046,209,146,63
509,swin_t_dim_509,0.0006114298250574952,0.0005748226913240472,155,147,8
37,swin_t_dim_37,0.0004971113775274792,0.0005699738936759569,225,148,77
418,swin_t_dim_418,0.00032864287206316536,0.0005652784999381917,383,149,234
115,swin_t_dim_115,0.00020813546551761065,0.0005612174397232881,540,150,390
568,swin_t_dim_568,0.0014645622433408566,0.0005561792591867316,33,151,-118
443,swin_t_dim_443,0.0006330934195212621,0.000547003485520281,148,152,-4
799,unlabelled_input_ratio,0.0002096972954780823,0.0005320177384864405,537,153,384
282,swin_t_dim_282,0.0028896592918868018,0.0005237020533365288,13,154,-141
114,swin_t_dim_114,0.0002972547755035016,0.0004963235515114551,422,155,267
639,swin_t_dim_639,0.0007827653015253588,0.0004900781275671066,83,156,-73
105,swin_t_dim_105,0.00033299095866187907,0.00047693201061658715,378,157,221
535,swin_t_dim_535,0.0006688482157635969,0.0004733173074264824,126,158,-32
336,swin_t_dim_336,0.001386101579962758,0.00046368129318533,36,159,-123
13,swin_t_dim_13,8.141545763194446e-05,0.0004630908656327582,689,160,529
677,swin_t_dim_677,0.0005939892657924446,0.00042819937047538305,163,161,2
409,swin_t_dim_409,0.0007717608405308225,0.0004210022446898718,88,162,-74
506,swin_t_dim_506,0.00035925187369704206,0.00040420146913291966,354,163,191
161,swin_t_dim_161,3.880695486771596e-05,0.0004023668478389497,725,164,561
210,swin_t_dim_210,0.0005557618280157955,0.0003986795433497146,192,165,27
240,swin_t_dim_240,0.000692872559065236,0.0003922085144927229,116,166,-50
483,swin_t_dim_483,3.737347640790234e-05,0.00038750393959772426,728,167,561
251,swin_t_dim_251,0.000739859437700052,0.00038389244063795786,99,168,-69
680,swin_t_dim_680,0.0004500436005871445,0.00038103987660134485,264,169,95
291,swin_t_dim_291,0.0009369497879340692,0.0003800692314662178,60,170,-110
132,swin_t_dim_132,0.0003466842683568794,0.0003800136241737291,361,171,190
103,swin_t_dim_103,0.00025187056265405867,0.00036700032458115815,478,172,306
48,swin_t_dim_48,0.0001619480556255511,0.00035833460058824003,607,173,434
428,swin_t_dim_428,0.0005659986704358557,0.00035585957720300727,186,174,12
375,swin_t_dim_375,0.0004707847678395285,0.0003547921470129709,246,175,71
717,swin_t_dim_717,0.00021074636824719363,0.00035389947157906586,535,176,359
615,swin_t_dim_615,0.00014490335098978115,0.0003471881288603456,630,177,453
757,swin_t_dim_757,3.310864748675213e-05,0.0003432843976257984,734,178,556
502,swin_t_dim_502,0.0006339949111171365,0.0003409267911872786,147,179,-32
110,swin_t_dim_110,0.0004230443605052784,0.00034078823496006347,285,180,105
467,swin_t_dim_467,0.0005105558350170946,0.0003402377879124418,214,181,33
333,swin_t_dim_333,0.0006858028975119156,0.0003364269254803494,118,182,-64
635,swin_t_dim_635,0.00010473548214133524,0.00033280938317245936,669,183,486
781,word_count,0.00029670798198145443,0.0003319660868274128,425,184,241
361,swin_t_dim_361,0.0004085555623730598,0.00033071829702291584,302,185,117
577,swin_t_dim_577,0.00012501035664640105,0.0003269022996958096,656,186,470
486,swin_t_dim_486,0.00026284196933426,0.0003259062992573607,470,187,283
74,swin_t_dim_74,0.00035737097264676893,0.0003252387930191881,356,188,168
526,swin_t_dim_526,0.0002715278799509528,0.0003233072217374717,459,189,270
760,swin_t_dim_760,3.114928513338399e-05,0.0003229689037514024,744,190,554
496,swin_t_dim_496,0.0018509575595415067,0.0003227622401132164,24,191,-167
332,swin_t_dim_332,0.0020851960446130733,0.0003178281082381343,21,192,-171
650,swin_t_dim_650,0.00038649704100582615,0.0003162549956887035,326,193,133
250,swin_t_dim_250,0.0006405160382079093,0.0003112922490130409,143,194,-51
591,swin_t_dim_591,0.0008925951189779448,0.0003047160406041927,67,195,-128
349,swin_t_dim_349,0.00020163772647631919,0.0003032720835481761,556,196,360
47,swin_t_dim_47,0.0006500544707129338,0.00030174754891752824,141,197,-56
147,swin_t_dim_147,6.456606284664968e-05,0.00029799096805826797,703,198,505
310,swin_t_dim_310,0.0003572889108815725,0.00029745086306109334,357,199,158
405,swin_t_dim_405,0.00016473576027172058,0.00029591053893382506,604,200,404
218,swin_t_dim_218,0.00022149369544027304,0.0002940963911520332,519,201,318
367,swin_t_dim_367,0.0001565054347280223,0.0002870749923753288,616,202,414
298,swin_t_dim_298,0.00017853020027091545,0.00028657792375729276,579,203,376
749,swin_t_dim_749,2.7583669042310953e-05,0.00028599909480711886,755,204,551
268,swin_t_dim_268,0.00046950184490093507,0.00028340762674605507,247,205,42
628,swin_t_dim_628,0.00045938539085664315,0.00028326858443208236,256,206,50
129,swin_t_dim_129,2.7168055499801882e-05,0.00028168983860320896,756,207,549
87,swin_t_dim_87,0.0004441352393765376,0.00026864903758765595,270,208,62
127,swin_t_dim_127,0.0005590446851297345,0.0002679681128595756,189,209,-20
411,swin_t_dim_411,0.00039181517064262655,0.0002675108203937874,320,210,110
543,swin_t_dim_543,0.0024538865012214465,0.0002668960846236033,14,211,-197
379,swin_t_dim_379,0.00021616082462102415,0.0002653254658932712,524,212,312
342,swin_t_dim_342,2.544495347435766e-05,0.000263823991286761,759,213,546
410,swin_t_dim_410,0.0007639536163188207,0.0002626648981270632,89,214,-125
515,swin_t_dim_515,0.0005944444477853061,0.0002603139812863486,162,215,-53
169,swin_t_dim_169,0.00029057213875800407,0.0002587547518968407,436,216,220
557,swin_t_dim_557,0.0007549297053233314,0.00025719390441090827,93,217,-124
9,swin_t_dim_9,0.0003726990848262261,0.000246700094981255,338,218,120
141,swin_t_dim_141,0.0001940674908662496,0.00024239522543532239,563,219,344
637,swin_t_dim_637,0.0002782748430442265,0.00023765019399100607,453,220,233
70,swin_t_dim_70,5.5817260039186355e-05,0.0002368856020343407,712,221,491
289,swin_t_dim_289,0.0006369244329449137,0.0002314548776560416,144,222,-78
153,swin_t_dim_153,0.000696288191826604,0.00022202011644717094,113,223,-110
492,swin_t_dim_492,8.50259235235604e-05,0.00022153896908207727,684,224,460
283,swin_t_dim_283,0.00024404614104637075,0.00022009561063336095,492,225,267
404,swin_t_dim_404,0.0002548757864839252,0.00021411197757219353,474,226,248
792,heading_level_skips,0.0003091426796004338,0.00020302718308593906,405,227,178
655,swin_t_dim_655,0.0014515848441637989,0.00019580010535299381,34,228,-194
177,swin_t_dim_177,0.0002690918196687319,0.00018450116335128207,462,229,233
151,swin_t_dim_151,0.00030989930838972926,0.0001659038713588431,403,230,173
18,swin_t_dim_18,0.0006919807448265139,0.00016393695798553806,117,231,-114
1,swin_t_dim_1,0.0007429379153512038,0.00014569220561108995,97,232,-135
434,swin_t_dim_434,0.0003115505784558014,0.0001450284324307677,401,233,168
732,swin_t_dim_732,0.0004873306068560796,0.00013231732100799196,233,234,-1
46,swin_t_dim_46,0.0004588888543347874,0.00010867161984307024,257,235,22
691,swin_t_dim_691,0.00041230547861435617,0.00010718696930462238,299,236,63
269,swin_t_dim_269,9.90201283906114e-05,0.00010707861103744434,674,237,437
192,swin_t_dim_192,0.0004893236701266275,0.00010165447574875442,231,238,-7
454,swin_t_dim_454,0.0007825608910943828,9.840384576723793e-05,84,239,-155
726,swin_t_dim_726,0.0008216931183637465,9.431512691711598e-05,73,240,-167
350,swin_t_dim_350,0.00037165909983491934,8.491030108532663e-05,340,241,99
608,swin_t_dim_608,0.000226444142596555,7.802959021188224e-05,513,242,271
504,swin_t_dim_504,6.324882202549009e-06,6.557904178432394e-05,765,243,522
759,swin_t_dim_759,0.0004203012964490605,3.386546960069374e-05,289,244,45
793,empty_heading_count,0.00037458713844762864,0.0,337,523,-186
794,has_main_landmark,0.0,0.0,783,523,260
796,semantic_element_ratio,0.00031515994213797123,0.0,397,523,-126
797,unlabelled_button_ratio,0.0005796505077285,0.0,171,523,-352
798,unlabelled_link_ratio,0.0003929620769585398,0.0,319,523,-204
784,num_aria_attributes,0.0002977484273428868,0.0,421,523,-102
785,aria_attribute_density,0.0003095519288719372,0.0,404,523,-119
787,num_aria_labelledby,0.0,0.0,783,523,260
788,num_aria_hidden,0.0002110714443339298,0.0,533,523,10
789,num_aria_live,0.00043281488610123574,0.0,279,523,-244
790,num_images_without_alt,0.000246132572497799,0.0,484,523,-39
791,alt_text_coverage,0.0004006667089832579,0.0,311,523,-212
776,num_images,0.00020248355671894034,0.0,553,523,30
777,num_buttons,3.7226004756718544e-05,0.0,729,523,206
778,num_forms,0.00016987824911281758,0.0,594,523,71
779,num_paragraphs,0.00020550574463308661,0.0,544,523,21
780,num_headings,6.538646679334255e-05,0.0,701,523,178
782,num_advertisement_iframes,0.0004905289966266844,0.0,230,523,-293
783,num_non_ad_iframes,0.00011986788291982613,0.0,658,523,135
768,edge_density,0.0001395816711418153,0.0,639,523,116
769,contrast,0.0002295982494996973,0.0,510,523,-13
771,text_density_proxy,0.0003655637460058698,0.0,347,523,-176
772,brightness_variance,0.0006033457962395906,0.0,158,523,-365
774,dom_depth,0.0,0.0,783,523,260
775,num_links,0.0003284583438380207,0.0,384,523,-139
24,swin_t_dim_24,0.00016010420587380495,0.0,609,523,86
26,swin_t_dim_26,0.00016954681248940618,0.0,596,523,73
27,swin_t_dim_27,0.0002949059798795126,0.0,428,523,-95
29,swin_t_dim_29,0.001134835828453503,0.0,46,523,-477
30,swin_t_dim_30,0.0007805550993415667,0.0,87,523,-436
31,swin_t_dim_31,0.0,0.0,783,523,260
17,swin_t_dim_17,0.00026016104122218356,0.0,472,523,-51
19,swin_t_dim_19,0.0001712011743878509,0.0,591,523,68
22,swin_t_dim_22,0.0004317242901197196,0.0,280,523,-243
23,swin_t_dim_23,0.0006512281053253497,0.0,139,523,-384
10,swin_t_dim_10,0.0003892725695061223,0.0,323,523,-200
11,swin_t_dim_11,0.00023097588411051743,0.0,509,523,-14
12,swin_t_dim_12,0.0,0.0,783,523,260
14,swin_t_dim_14,0.0002857222915068238,0.0,444,523,-79
15,swin_t_dim_15,0.00014732393809976517,0.0,623,523,100
800,average_paragraph_word_count,0.0,0.0,783,523,260
2,swin_t_dim_2,6.48112705170195e-05,0.0,702,523,179
3,swin_t_dim_3,0.0003367372860313475,0.0,375,523,-148
4,swin_t_dim_4,3.1999929379866167e-05,0.0,736,523,213
5,swin_t_dim_5,3.673185439572906e-05,0.0,730,523,207
6,swin_t_dim_6,0.0003459248786936369,0.0,362,523,-161
7,swin_t_dim_7,0.0004170513911567422,0.0,293,523,-230
280,swin_t_dim_280,0.00016667597816929624,0.0,600,523,77
281,swin_t_dim_281,0.0002958403321680953,0.0,426,523,-97
285,swin_t_dim_285,3.0163585214595244e-05,0.0,748,523,225
286,swin_t_dim_286,0.0005619582054112142,0.0,187,523,-336
287,swin_t_dim_287,0.00017967719936287343,0.0,577,523,54
272,swin_t_dim_272,0.00046639811873510105,0.0,251,523,-272
274,swin_t_dim_274,0.0005126475308174785,0.0,212,523,-311
275,swin_t_dim_275,0.0002492157403352509,0.0,481,523,-42
278,swin_t_dim_278,3.824617617885132e-05,0.0,726,523,203
279,swin_t_dim_279,0.00020363131707200522,0.0,547,523,24
264,swin_t_dim_264,0.0006605290289148316,0.0,131,523,-392
265,swin_t_dim_265,0.00015995189271940572,0.0,610,523,87
266,swin_t_dim_266,0.0005426092604767128,0.0,204,523,-319
267,swin_t_dim_267,0.00023626016973569752,0.0,504,523,-19
271,swin_t_dim_271,6.659022883733012e-05,0.0,699,523,176
258,swin_t_dim_258,0.0007993873800925727,0.0,78,523,-445
259,swin_t_dim_259,0.00015967410012000967,0.0,612,523,89
260,swin_t_dim_260,0.00016690317315076677,0.0,599,523,76
261,swin_t_dim_261,0.0003626164310942119,0.0,349,523,-174
262,swin_t_dim_262,0.0005945736180161059,0.0,161,523,-362
312,swin_t_dim_312,0.00010079067869063844,0.0,673,523,150
316,swin_t_dim_316,0.0001311899207489705,0.0,648,523,125
317,swin_t_dim_317,0.00020794515721786995,0.0,541,523,18
318,swin_t_dim_318,0.00017931807544223984,0.0,578,523,55
319,swin_t_dim_319,0.00013596924293168787,0.0,644,523,121
305,swin_t_dim_305,0.000148058717426869,0.0,622,523,99
306,swin_t_dim_306,0.00017350383760772513,0.0,589,523,66
307,swin_t_dim_307,0.000978819027469208,0.0,53,523,-470
308,swin_t_dim_308,0.0005361501043709964,0.0,207,523,-316
309,swin_t_dim_309,0.00014258144785279713,0.0,633,523,110
311,swin_t_dim_311,0.00033879761850714334,0.0,373,523,-150
296,swin_t_dim_296,0.0004156188054123616,0.0,296,523,-227
297,swin_t_dim_297,0.00029499435840021356,0.0,427,523,-96
299,swin_t_dim_299,0.00024261925029124806,0.0,496,523,-27
300,swin_t_dim_300,3.0396266794898983e-05,0.0,746,523,223
301,swin_t_dim_301,0.00027873389610557996,0.0,452,523,-71
302,swin_t_dim_302,0.00017584224462518515,0.0,584,523,61
303,swin_t_dim_303,0.00030826389237644176,0.0,406,523,-117
288,swin_t_dim_288,0.0007186625741910086,0.0,107,523,-416
290,swin_t_dim_290,0.0004886653556600222,0.0,232,523,-291
292,swin_t_dim_292,5.256269931478877e-05,0.0,714,523,191
293,swin_t_dim_293,0.00020225212097660969,0.0,554,523,31
294,swin_t_dim_294,0.0,0.0,783,523,260
295,swin_t_dim_295,0.0009254080256943944,0.0,62,523,-461
248,swin_t_dim_248,2.9055907231553942e-05,0.0,750,523,227
249,swin_t_dim_249,0.0004203963465895575,0.0,288,523,-235
252,swin_t_dim_252,0.0002984160566749472,0.0,420,523,-103
254,swin_t_dim_254,0.00018351064974655458,0.0,575,523,52
255,swin_t_dim_255,0.0002967917857606394,0.0,424,523,-99
242,swin_t_dim_242,0.0001850750598254847,0.0,572,523,49
243,swin_t_dim_243,0.0006742195983955116,0.0,123,523,-400
244,swin_t_dim_244,0.0,0.0,783,523,260
245,swin_t_dim_245,0.00017697156621094252,0.0,583,523,60
247,swin_t_dim_247,0.00022423890524580356,0.0,515,523,-8
232,swin_t_dim_232,0.000783973010515134,0.0,82,523,-441
233,swin_t_dim_233,0.0,0.0,783,523,260
235,swin_t_dim_235,0.000510484373935914,0.0,216,523,-307
236,swin_t_dim_236,0.00014806413238212409,0.0,621,523,98
237,swin_t_dim_237,0.00034493458497889136,0.0,365,523,-158
238,swin_t_dim_238,0.00023315490832096622,0.0,506,523,-17
239,swin_t_dim_239,0.0,0.0,783,523,260
224,swin_t_dim_224,6.33967723272131e-05,0.0,705,523,182
225,swin_t_dim_225,0.00042383895833217637,0.0,282,523,-241
226,swin_t_dim_226,6.574407573606209e-05,0.0,700,523,177
227,swin_t_dim_227,9.687908806347282e-05,0.0,675,523,152
228,swin_t_dim_228,0.0004137078562163852,0.0,298,523,-225
229,swin_t_dim_229,0.00015705901745853565,0.0,615,523,92
230,swin_t_dim_230,0.0007192491700527239,0.0,106,523,-417
231,swin_t_dim_231,0.0003427500842920805,0.0,368,523,-155
344,swin_t_dim_344,0.00029417527332790657,0.0,431,523,-92
345,swin_t_dim_345,0.0008664315793053657,0.0,70,523,-453
346,swin_t_dim_346,0.00023441013536310083,0.0,505,523,-18
347,swin_t_dim_347,0.0001913473353283502,0.0,567,523,44
348,swin_t_dim_348,0.0007893244001088001,0.0,81,523,-442
351,swin_t_dim_351,0.00030524487312228935,0.0,410,523,-113
337,swin_t_dim_337,0.0002718104012100272,0.0,458,523,-65
338,swin_t_dim_338,8.186743196859042e-05,0.0,688,523,165
339,swin_t_dim_339,0.00028847206772344026,0.0,440,523,-83
341,swin_t_dim_341,0.0002686300096994331,0.0,463,523,-60
343,swin_t_dim_343,0.00012981183990312813,0.0,649,523,126
329,swin_t_dim_329,0.00015962693149228633,0.0,613,523,90
331,swin_t_dim_331,0.00036043817221620937,0.0,351,523,-172
334,swin_t_dim_334,2.529033693332579e-05,0.0,760,523,237
335,swin_t_dim_335,0.000306948961360772,0.0,407,523,-116
320,swin_t_dim_320,0.0005438230831472516,0.0,202,523,-321
321,swin_t_dim_321,3.2945800523336656e-05,0.0,735,523,212
322,swin_t_dim_322,0.0003793500412905217,0.0,329,523,-194
323,swin_t_dim_323,0.00014038157930801358,0.0,637,523,114
324,swin_t_dim_324,0.0001732289555561283,0.0,590,523,67
325,swin_t_dim_325,0.00020968112354782437,0.0,538,523,15
326,swin_t_dim_326,0.0,0.0,783,523,260
327,swin_t_dim_327,0.0006158817235858769,0.0,154,523,-369
376,swin_t_dim_376,0.00023835163839676078,0.0,502,523,-21
380,swin_t_dim_380,0.0005594093193778771,0.0,188,523,-335
382,swin_t_dim_382,0.0001450010355127869,0.0,629,523,106
383,swin_t_dim_383,9.608183863193664e-05,0.0,676,523,153
369,swin_t_dim_369,0.0004721627704520954,0.0,245,523,-278
370,swin_t_dim_370,0.00047523387904466934,0.0,243,523,-280
371,swin_t_dim_371,0.0007901161241854025,0.0,80,523,-443
372,swin_t_dim_372,8.249855490667376e-05,0.0,687,523,164
373,swin_t_dim_373,0.00025115330404008385,0.0,480,523,-43
374,swin_t_dim_374,0.0006208291034434151,0.0,151,523,-372
362,swin_t_dim_362,0.00036939621830337627,0.0,342,523,-181
363,swin_t_dim_363,0.00037560273407789537,0.0,334,523,-189
364,swin_t_dim_364,0.00017025789321682632,0.0,593,523,70
365,swin_t_dim_365,0.000557554608222005,0.0,190,523,-333
353,swin_t_dim_353,5.835647970024405e-05,0.0,709,523,186
354,swin_t_dim_354,3.406462983115831e-05,0.0,731,523,208
355,swin_t_dim_355,0.0007550720100808635,0.0,92,523,-431
356,swin_t_dim_356,0.00014560046591140526,0.0,626,523,103
358,swin_t_dim_358,0.00028049823500471573,0.0,449,523,-74
359,swin_t_dim_359,0.0004474573814503083,0.0,267,523,-256
216,swin_t_dim_216,0.0003410025121616155,0.0,371,523,-152
217,swin_t_dim_217,0.0008742408574113282,0.0,69,523,-454
219,swin_t_dim_219,0.00036300548168387574,0.0,348,523,-175
220,swin_t_dim_220,0.0004528001031227983,0.0,260,523,-263
221,swin_t_dim_221,0.00024528290911728757,0.0,488,523,-35
222,swin_t_dim_222,0.0005097464705022817,0.0,219,523,-304
208,swin_t_dim_208,0.0009662352349692722,0.0,54,523,-469
209,swin_t_dim_209,3.154421732372343e-05,0.0,742,523,219
211,swin_t_dim_211,0.000506578013652711,0.0,222,523,-301
212,swin_t_dim_212,0.0,0.0,783,523,260
213,swin_t_dim_213,0.00020329644800716218,0.0,549,523,26
214,swin_t_dim_214,0.0003220724962971666,0.0,393,523,-130
215,swin_t_dim_215,0.00019627194747315978,0.0,559,523,36
200,swin_t_dim_200,0.00034161507890616174,0.0,370,523,-153
202,swin_t_dim_202,0.0005523823221251178,0.0,194,523,-329
203,swin_t_dim_203,0.00022016232746049552,0.0,520,523,-3
204,swin_t_dim_204,0.00011659049222822386,0.0,661,523,138
205,swin_t_dim_205,0.00029275558152621353,0.0,434,523,-89
206,swin_t_dim_206,0.0007263099796212224,0.0,102,523,-421
207,swin_t_dim_207,0.0003203070370190024,0.0,394,523,-129
194,swin_t_dim_194,0.00010245289533275096,0.0,672,523,149
195,swin_t_dim_195,0.00044291894668392563,0.0,271,523,-252
196,swin_t_dim_196,0.0007561235050238643,0.0,91,523,-432
197,swin_t_dim_197,0.00032379090603607393,0.0,389,523,-134
198,swin_t_dim_198,6.872797028846991e-05,0.0,698,523,175
199,swin_t_dim_199,7.23025054018702e-05,0.0,696,523,173
412,swin_t_dim_412,0.00020380423682977194,0.0,546,523,23
413,swin_t_dim_413,0.0003405634833350456,0.0,372,523,-151
414,swin_t_dim_414,0.0005109629350307029,0.0,213,523,-310
415,swin_t_dim_415,0.000177910229258228,0.0,581,523,58
400,swin_t_dim_400,6.060226294291214e-05,0.0,708,523,185
401,swin_t_dim_401,0.00028969147815605974,0.0,437,523,-86
402,swin_t_dim_402,0.0006645630990964218,0.0,130,523,-393
403,swin_t_dim_403,0.0002793605164200573,0.0,451,523,-72
406,swin_t_dim_406,0.0001360611574967662,0.0,642,523,119
395,swin_t_dim_395,7.463744433172571e-05,0.0,694,523,171
397,swin_t_dim_397,0.00041589352215095173,0.0,295,523,-228
398,swin_t_dim_398,0.00031353315680481046,0.0,398,523,-125
384,swin_t_dim_384,0.00045976197899682305,0.0,255,523,-268
386,swin_t_dim_386,4.195028811744546e-05,0.0,720,523,197
388,swin_t_dim_388,0.0006578268390674915,0.0,133,523,-390
389,swin_t_dim_389,0.00010387210286280901,0.0,670,523,147
391,swin_t_dim_391,4.3188968435481826e-05,0.0,719,523,196
440,swin_t_dim_440,0.00010549410367921893,0.0,666,523,143
444,swin_t_dim_444,0.0002860192245358586,0.0,443,523,-80
445,swin_t_dim_445,0.0003366870506336156,0.0,376,523,-147
446,swin_t_dim_446,0.00037055235489071264,0.0,341,523,-182
447,swin_t_dim_447,0.00029708190349936943,0.0,423,523,-100
432,swin_t_dim_432,0.0002891544357191311,0.0,438,523,-85
435,swin_t_dim_435,0.000282477052774939,0.0,446,523,-77
436,swin_t_dim_436,0.00030263473180774144,0.0,416,523,-107
437,swin_t_dim_437,0.0004182421589932859,0.0,291,523,-232
438,swin_t_dim_438,0.00013273790613624903,0.0,647,523,124
439,swin_t_dim_439,0.0003458890715198244,0.0,363,523,-160
424,swin_t_dim_424,0.00035936338220498795,0.0,353,523,-170
425,swin_t_dim_425,0.000266783763130941,0.0,465,523,-58
426,swin_t_dim_426,4.708893383079548e-05,0.0,715,523,192
427,swin_t_dim_427,3.0075117405635096e-05,0.0,749,523,226
429,swin_t_dim_429,8.923262325672973e-05,0.0,682,523,159
430,swin_t_dim_430,0.0001739829084726329,0.0,587,523,64
431,swin_t_dim_431,0.00021090913914879078,0.0,534,523,11
417,swin_t_dim_417,0.00010481145149895192,0.0,668,523,145
419,swin_t_dim_419,3.324049748494429e-05,0.0,733,523,210
421,swin_t_dim_421,0.000322981359393093,0.0,392,523,-131
422,swin_t_dim_422,4.68479275437127e-05,0.0,716,523,193
423,swin_t_dim_423,0.0010856871944818873,0.0,50,523,-473
472,swin_t_dim_472,0.0005327249605716558,0.0,208,523,-315
473,swin_t_dim_473,0.0004774212036912428,0.0,240,523,-283
474,swin_t_dim_474,0.0005788916928030313,0.0,173,523,-350
475,swin_t_dim_475,0.000244526783296763,0.0,491,523,-32
476,swin_t_dim_476,0.00020597810421583456,0.0,543,523,20
477,swin_t_dim_477,0.00024384281714257637,0.0,493,523,-30
478,swin_t_dim_478,0.00014511519521371587,0.0,628,523,105
479,swin_t_dim_479,8.93653873441903e-05,0.0,681,523,158
464,swin_t_dim_464,3.974225314008277e-05,0.0,722,523,199
465,swin_t_dim_465,0.0004910849369363912,0.0,228,523,-295
468,swin_t_dim_468,5.7022366653709005e-05,0.0,710,523,187
469,swin_t_dim_469,0.00016049097174848344,0.0,608,523,85
471,swin_t_dim_471,0.0004026860901283063,0.0,310,523,-213
456,swin_t_dim_456,0.00013569040946045659,0.0,645,523,122
457,swin_t_dim_457,0.0005773429481121875,0.0,174,523,-349
458,swin_t_dim_458,0.0024073295007386785,0.0,15,523,-508
459,swin_t_dim_459,0.00040662476962284594,0.0,304,523,-219
460,swin_t_dim_460,0.00025250394522453786,0.0,476,523,-47
461,swin_t_dim_461,0.0,0.0,783,523,260
462,swin_t_dim_462,0.0,0.0,783,523,260
463,swin_t_dim_463,0.0003317053367442926,0.0,381,523,-142
449,swin_t_dim_449,0.0,0.0,783,523,260
450,swin_t_dim_450,0.00046317978947033,0.0,254,523,-269
452,swin_t_dim_452,0.000695298913952534,0.0,115,523,-408
455,swin_t_dim_455,0.00015551511281268848,0.0,617,523,94
184,swin_t_dim_184,0.0,0.0,783,523,260
185,swin_t_dim_185,0.0002759859416928453,0.0,457,523,-66
186,swin_t_dim_186,0.00033803684909966395,0.0,374,523,-149
187,swin_t_dim_187,0.0002274938320583136,0.0,512,523,-11
188,swin_t_dim_188,0.0002529463804549379,0.0,475,523,-48
189,swin_t_dim_189,0.0002653160826091742,0.0,468,523,-55
190,swin_t_dim_190,3.922528640702203e-05,0.0,724,523,201
178,swin_t_dim_178,0.00035770499888764244,0.0,355,523,-168
179,swin_t_dim_179,2.7076058583643304e-05,0.0,757,523,234
180,swin_t_dim_180,0.000706692885981247,0.0,110,523,-413
181,swin_t_dim_181,7.81110172384383e-05,0.0,692,523,169
182,swin_t_dim_182,0.0002435367162166134,0.0,494,523,-29
183,swin_t_dim_183,0.0,0.0,783,523,260
168,swin_t_dim_168,3.1751033754198636e-05,0.0,739,523,216
170,swin_t_dim_170,0.00034372215955330034,0.0,367,523,-156
171,swin_t_dim_171,0.0002017179965575813,0.0,555,523,32
172,swin_t_dim_172,0.00036876399395742606,0.0,344,523,-179
174,swin_t_dim_174,0.0001584207776532529,0.0,614,523,91
175,swin_t_dim_175,0.0004668995748370169,0.0,250,523,-273
160,swin_t_dim_160,0.0005220541855367339,0.0,211,523,-312
162,swin_t_dim_162,0.0,0.0,783,523,260
163,swin_t_dim_163,0.0,0.0,783,523,260
164,swin_t_dim_164,0.0006162085148154782,0.0,153,523,-370
165,swin_t_dim_165,2.8521474959609305e-05,0.0,752,523,229
166,swin_t_dim_166,0.00018456786281921997,0.0,573,523,50
167,swin_t_dim_167,4.426813456894411e-05,0.0,717,523,194
505,swin_t_dim_505,0.0003671722198271297,0.0,345,523,-178
507,swin_t_dim_507,0.00013883752076023485,0.0,640,523,117
508,swin_t_dim_508,0.0,0.0,783,523,260
510,swin_t_dim_510,0.0004462637598096737,0.0,268,523,-255
511,swin_t_dim_511,6.157870334495793e-05,0.0,707,523,184
497,swin_t_dim_497,0.0005695182529250767,0.0,180,523,-343
499,swin_t_dim_499,0.0,0.0,783,523,260
500,swin_t_dim_500,0.0,0.0,783,523,260
501,swin_t_dim_501,0.00024259007695811994,0.0,497,523,-26
503,swin_t_dim_503,0.00010379682960591057,0.0,671,523,148
488,swin_t_dim_488,0.0003068253125348804,0.0,408,523,-115
489,swin_t_dim_489,0.00027716654408954384,0.0,455,523,-68
490,swin_t_dim_490,0.00017783022028633095,0.0,582,523,59
491,swin_t_dim_491,0.0003484327453014541,0.0,360,523,-163
494,swin_t_dim_494,0.00030318626670312236,0.0,413,523,-110
495,swin_t_dim_495,0.0,0.0,783,523,260
480,swin_t_dim_480,0.00016261202879121672,0.0,605,523,82
481,swin_t_dim_481,0.0005683346470739379,0.0,181,523,-342
484,swin_t_dim_484,3.822519898390192e-05,0.0,727,523,204
485,swin_t_dim_485,0.0003193985235873824,0.0,395,523,-128
487,swin_t_dim_487,3.154991947933809e-05,0.0,741,523,218
538,swin_t_dim_538,0.00015041788708624148,0.0,620,523,97
539,swin_t_dim_539,0.0001265857227675592,0.0,652,523,129
540,swin_t_dim_540,0.0003991325907762461,0.0,313,523,-210
541,swin_t_dim_541,0.0006526066528952769,0.0,137,523,-386
528,swin_t_dim_528,0.0004098869014032459,0.0,301,523,-222
529,swin_t_dim_529,3.348910214446709e-05,0.0,732,523,209
530,swin_t_dim_530,2.315996637689768e-05,0.0,762,523,239
531,swin_t_dim_531,0.0002455827124127537,0.0,487,523,-36
532,swin_t_dim_532,0.00024115608225110246,0.0,500,523,-23
533,swin_t_dim_533,0.0005504559377349239,0.0,196,523,-327
534,swin_t_dim_534,0.00039374679093844077,0.0,318,523,-205
520,swin_t_dim_520,0.00041795711602158714,0.0,292,523,-231
522,swin_t_dim_522,0.00029481968521471156,0.0,429,523,-94
523,swin_t_dim_523,4.095017774781804e-05,0.0,721,523,198
524,swin_t_dim_524,0.0001883827668698467,0.0,571,523,48
527,swin_t_dim_527,0.0005663940494667809,0.0,185,523,-338
512,swin_t_dim_512,0.00045106789050217795,0.0,261,523,-262
513,swin_t_dim_513,0.0002631684261169161,0.0,469,523,-54
514,swin_t_dim_514,0.0001687327142617372,0.0,598,523,75
516,swin_t_dim_516,0.0003003825643711742,0.0,417,523,-106
517,swin_t_dim_517,0.0003269947076416919,0.0,385,523,-138
518,swin_t_dim_518,0.00041877557465638034,0.0,290,523,-233
519,swin_t_dim_519,0.0011223573082263319,0.0,47,523,-476
152,swin_t_dim_152,0.00014093049301426447,0.0,636,523,113
154,swin_t_dim_154,0.00013418026928893888,0.0,646,523,123
156,swin_t_dim_156,0.0005070413642313246,0.0,220,523,-303
157,swin_t_dim_157,0.00010768034105098299,0.0,665,523,142
158,swin_t_dim_158,0.00022323620813798601,0.0,517,523,-6
144,swin_t_dim_144,2.52056083295462e-05,0.0,761,523,238
146,swin_t_dim_146,0.0004235086120332843,0.0,283,523,-240
148,swin_t_dim_148,0.0001454571289968866,0.0,627,523,104
149,swin_t_dim_149,0.0005884882851052277,0.0,165,523,-358
150,swin_t_dim_150,0.00044203702124553837,0.0,272,523,-251
136,swin_t_dim_136,0.00011447756352540278,0.0,662,523,139
138,swin_t_dim_138,0.00020286053156768144,0.0,552,523,29
142,swin_t_dim_142,0.00029481430147591087,0.0,430,523,-93
143,swin_t_dim_143,5.273728205855231e-05,0.0,713,523,190
128,swin_t_dim_128,0.00014113720866342562,0.0,635,523,112
130,swin_t_dim_130,3.95336911119598e-05,0.0,723,523,200
131,swin_t_dim_131,0.00013639520571147215,0.0,641,523,118
133,swin_t_dim_133,0.0,0.0,783,523,260
134,swin_t_dim_134,0.0004061827745862283,0.0,305,523,-218
135,swin_t_dim_135,0.00019390193373916573,0.0,565,523,42
570,swin_t_dim_570,0.00010485739810289095,0.0,667,523,144
571,swin_t_dim_571,0.00042327084605112776,0.0,284,523,-239
572,swin_t_dim_572,0.0004563745699917132,0.0,259,523,-264
574,swin_t_dim_574,0.0004344308328755968,0.0,277,523,-246
575,swin_t_dim_575,0.00028893741390232015,0.0,439,523,-84
560,swin_t_dim_560,0.0007437400643670512,0.0,96,523,-427
561,swin_t_dim_561,0.0002803581690750442,0.0,450,523,-73
562,swin_t_dim_562,0.0,0.0,783,523,260
564,swin_t_dim_564,0.00031864429706582374,0.0,396,523,-127
565,swin_t_dim_565,0.0007230412765102457,0.0,103,523,-420
566,swin_t_dim_566,0.00040269656971772484,0.0,309,523,-214
567,swin_t_dim_567,0.0002703671347316236,0.0,461,523,-62
552,swin_t_dim_552,0.0002450911685321305,0.0,489,523,-34
553,swin_t_dim_553,8.081819594724225e-05,0.0,690,523,167
554,swin_t_dim_554,0.0,0.0,783,523,260
556,swin_t_dim_556,0.00032697863137561153,0.0,386,523,-137
559,swin_t_dim_559,0.0,0.0,783,523,260
544,swin_t_dim_544,0.00015226620285836468,0.0,619,523,96
546,swin_t_dim_546,0.00019714962089881265,0.0,558,523,35
547,swin_t_dim_547,0.00019402579156563388,0.0,564,523,41
548,swin_t_dim_548,0.00014647985506098223,0.0,625,523,102
550,swin_t_dim_550,0.0001653584418166053,0.0,602,523,79
551,swin_t_dim_551,0.000247872568836229,0.0,483,523,-40
601,swin_t_dim_601,8.482543481022067e-05,0.0,685,523,162
602,swin_t_dim_602,0.00032553784912543027,0.0,387,523,-136
603,swin_t_dim_603,2.282266588444809e-05,0.0,764,523,241
604,swin_t_dim_604,0.00024159001744897236,0.0,499,523,-24
606,swin_t_dim_606,7.13677687217228e-05,0.0,697,523,174
607,swin_t_dim_607,0.00016210745863414573,0.0,606,523,83
592,swin_t_dim_592,0.000740116705765877,0.0,98,523,-425
593,swin_t_dim_593,0.000574144752030013,0.0,178,523,-345
594,swin_t_dim_594,0.0005770161837021676,0.0,175,523,-348
595,swin_t_dim_595,0.0010253578202843274,0.0,51,523,-472
597,swin_t_dim_597,0.0013028463096581837,0.0,37,523,-486
598,swin_t_dim_598,9.094693308268334e-05,0.0,680,523,157
599,swin_t_dim_599,0.00021928539164145613,0.0,522,523,-1
584,swin_t_dim_584,0.00020349920660937994,0.0,548,523,25
586,swin_t_dim_586,0.00013976065770895254,0.0,638,523,115
588,swin_t_dim_588,0.0009208978901321417,0.0,63,523,-460
589,swin_t_dim_589,0.00036903514910772864,0.0,343,523,-180
590,swin_t_dim_590,0.0007922825549400825,0.0,79,523,-444
578,swin_t_dim_578,0.00041485881353206565,0.0,297,523,-226
579,swin_t_dim_579,0.0,0.0,783,523,260
580,swin_t_dim_580,0.00021061888090832543,0.0,536,523,13
581,swin_t_dim_581,0.000781325544651562,0.0,85,523,-438
583,swin_t_dim_583,0.00023893874369780162,0.0,501,523,-22
122,swin_t_dim_122,0.00019605335762810965,0.0,561,523,38
123,swin_t_dim_123,0.00018386658937302947,0.0,574,523,51
126,swin_t_dim_126,0.00040397798134267116,0.0,308,523,-215
112,swin_t_dim_112,0.0,0.0,783,523,260
116,swin_t_dim_116,0.0005067898609201707,0.0,221,523,-302
117,swin_t_dim_117,0.00044171542321438115,0.0,273,523,-250
118,swin_t_dim_118,0.00017364642810543544,0.0,588,523,65
104,swin_t_dim_104,0.0005542459799189962,0.0,193,523,-330
106,swin_t_dim_106,0.000282387797340429,0.0,447,523,-76
107,swin_t_dim_107,0.00012533501179323137,0.0,655,523,132
108,swin_t_dim_108,0.0004824942942815855,0.0,235,523,-288
111,swin_t_dim_111,0.00038716966494634807,0.0,324,523,-199
96,swin_t_dim_96,0.00047380381153109966,0.0,244,523,-279
97,swin_t_dim_97,0.00023667820831581673,0.0,503,523,-20
98,swin_t_dim_98,0.0003309678629751622,0.0,382,523,-141
99,swin_t_dim_99,0.00042931236957695796,0.0,281,523,-242
100,swin_t_dim_100,0.00028682307615386714,0.0,442,523,-81
101,swin_t_dim_101,6.42407337447889e-05,0.0,704,523,181
102,swin_t_dim_102,0.0007490011776612402,0.0,94,523,-429
632,swin_t_dim_632,0.0003133985082080621,0.0,399,523,-124
633,swin_t_dim_633,0.00039727953790886714,0.0,315,523,-208
634,swin_t_dim_634,0.00014446845420690955,0.0,631,523,108
636,swin_t_dim_636,0.0001422063484994951,0.0,634,523,111
624,swin_t_dim_624,0.001142620791382928,0.0,45,523,-478
625,swin_t_dim_625,0.0004569946581127277,0.0,258,523,-265
626,swin_t_dim_626,0.0004802360421684761,0.0,238,523,-285
627,swin_t_dim_627,0.0005757217303404447,0.0,177,523,-346
629,swin_t_dim_629,0.0004905462708831381,0.0,229,523,-294
630,swin_t_dim_630,0.0005100030276054861,0.0,217,523,-306
631,swin_t_dim_631,0.00030527789835105675,0.0,409,523,-114
616,swin_t_dim_616,0.0001740558155483694,0.0,586,523,63
621,swin_t_dim_621,0.00020311059650700194,0.0,550,523,27
622,swin_t_dim_622,3.020210110285651e-05,0.0,747,523,224
609,swin_t_dim_609,0.00018184069284235568,0.0,576,523,53
611,swin_t_dim_611,7.732304756148741e-05,0.0,693,523,170
612,swin_t_dim_612,0.000194308081845369,0.0,562,523,39
613,swin_t_dim_613,0.00037535266172998685,0.0,335,523,-188
614,swin_t_dim_614,0.00011985529283520306,0.0,659,523,136
664,swin_t_dim_664,0.0006445958603108588,0.0,142,523,-381
665,swin_t_dim_665,0.0003598275814429572,0.0,352,523,-171
667,swin_t_dim_667,0.0002605093267271043,0.0,471,523,-52
668,swin_t_dim_668,0.00022370636410731632,0.0,516,523,-7
669,swin_t_dim_669,0.00023135794623024418,0.0,508,523,-15
670,swin_t_dim_670,0.0007316181197820512,0.0,100,523,-423
671,swin_t_dim_671,0.0008056058090954301,0.0,77,523,-446
657,swin_t_dim_657,0.00037669557458271726,0.0,332,523,-191
660,swin_t_dim_660,0.0,0.0,783,523,260
661,swin_t_dim_661,3.159090954050936e-05,0.0,740,523,217
662,swin_t_dim_662,0.0007021040835875579,0.0,112,523,-411
663,swin_t_dim_663,0.00036633349192962626,0.0,346,523,-177
648,swin_t_dim_648,0.0001975227103933497,0.0,557,523,34
649,swin_t_dim_649,0.0004161739333609156,0.0,294,523,-229
653,swin_t_dim_653,0.00012543433880988028,0.0,654,523,131
654,swin_t_dim_654,0.00039583335906240205,0.0,317,523,-206
640,swin_t_dim_640,0.0006716787416853145,0.0,124,523,-399
641,swin_t_dim_641,9.293546575024526e-05,0.0,677,523,154
642,swin_t_dim_642,0.0004052581801978479,0.0,306,523,-217
644,swin_t_dim_644,0.0005683342195317322,0.0,182,523,-341
646,swin_t_dim_646,7.405442025589591e-05,0.0,695,523,172
647,swin_t_dim_647,0.0001664201350113452,0.0,601,523,78
696,swin_t_dim_696,0.0003777151237857298,0.0,330,523,-193
697,swin_t_dim_697,8.251204519227757e-05,0.0,686,523,163
698,swin_t_dim_698,0.0002709396394083723,0.0,460,523,-63
699,swin_t_dim_699,0.0009068343664782234,0.0,65,523,-458
700,swin_t_dim_700,0.00020614573381446896,0.0,542,523,19
701,swin_t_dim_701,0.0002174917048457083,0.0,523,523,0
702,swin_t_dim_702,0.0005473638015522768,0.0,198,523,-325
688,swin_t_dim_688,0.0005365096736301134,0.0,206,523,-317
692,swin_t_dim_692,0.0001436113196008898,0.0,632,523,109
693,swin_t_dim_693,2.5450890202719684e-05,0.0,758,523,235
695,swin_t_dim_695,0.00011766905305654234,0.0,660,523,137
681,swin_t_dim_681,0.00024247192240520952,0.0,498,523,-25
682,swin_t_dim_682,0.0004000779850821814,0.0,312,523,-211
684,swin_t_dim_684,0.0004413578642354353,0.0,274,523,-249
685,swin_t_dim_685,0.00019074132777988315,0.0,568,523,45
672,swin_t_dim_672,0.0002991827555331978,0.0,419,523,-104
673,swin_t_dim_673,4.3937279547259916e-05,0.0,718,523,195
675,swin_t_dim_675,0.0006744565662666627,0.0,122,523,-401
676,swin_t_dim_676,0.00024567130597799315,0.0,486,523,-37
678,swin_t_dim_678,0.00033221839767832203,0.0,379,523,-144
679,swin_t_dim_679,0.00027607865932412966,0.0,456,523,-67
88,swin_t_dim_88,0.00016528487771714964,0.0,603,523,80
89,swin_t_dim_89,0.0005870737975572451,0.0,166,523,-357
91,swin_t_dim_91,0.0006527302610889551,0.0,136,523,-387
92,swin_t_dim_92,0.0004787350176272181,0.0,239,523,-284
93,swin_t_dim_93,0.0007263755107926621,0.0,101,523,-422
94,swin_t_dim_94,2.3031078944683317e-05,0.0,763,523,240
95,swin_t_dim_95,0.0,0.0,783,523,260
80,swin_t_dim_80,0.0001698225361763408,0.0,595,523,72
81,swin_t_dim_81,0.0005812853033335818,0.0,169,523,-354
82,swin_t_dim_82,0.0005097502276088753,0.0,218,523,-305
83,swin_t_dim_83,0.00047598681885594477,0.0,242,523,-281
84,swin_t_dim_84,0.0,0.0,783,523,260
85,swin_t_dim_85,0.0,0.0,783,523,260
86,swin_t_dim_86,9.168478128603527e-05,0.0,678,523,155
72,swin_t_dim_72,0.00012854803880526215,0.0,650,523,127
73,swin_t_dim_73,0.00030319149796237074,0.0,412,523,-111
75,swin_t_dim_75,0.00033504473812264607,0.0,377,523,-146
76,swin_t_dim_76,0.00044843028672950455,0.0,265,523,-258
77,swin_t_dim_77,0.000170673806921049,0.0,592,523,69
78,swin_t_dim_78,0.0003983651199490737,0.0,314,523,-209
79,swin_t_dim_79,0.00010905030291404028,0.0,664,523,141
64,swin_t_dim_64,0.0004954376433021414,0.0,226,523,-297
65,swin_t_dim_65,0.0003894449520391494,0.0,322,523,-201
66,swin_t_dim_66,6.204491127931173e-05,0.0,706,523,183
67,swin_t_dim_67,0.0006289304820533018,0.0,149,523,-374
68,swin_t_dim_68,0.00020440526693171716,0.0,545,523,22
69,swin_t_dim_69,0.0,0.0,783,523,260
729,swin_t_dim_729,0.0002094292572076261,0.0,539,523,16
730,swin_t_dim_730,0.00024501845032089744,0.0,490,523,-33
731,swin_t_dim_731,0.00037168951601130614,0.0,339,523,-184
733,swin_t_dim_733,9.107606240924282e-05,0.0,679,523,156
735,swin_t_dim_735,3.1150651749295366e-05,0.0,743,523,220
720,swin_t_dim_720,0.0006579154459396306,0.0,132,523,-391
721,swin_t_dim_721,0.0005504363776497513,0.0,197,523,-326
722,swin_t_dim_722,0.00042244519741532375,0.0,286,523,-237
723,swin_t_dim_723,0.0002257419983699204,0.0,514,523,-9
724,swin_t_dim_724,0.0003871469775834341,0.0,325,523,-198
727,swin_t_dim_727,0.0002145877469723975,0.0,526,523,3
712,swin_t_dim_712,0.00027746761737699186,0.0,454,523,-69
714,swin_t_dim_714,3.0502664373220165e-05,0.0,745,523,222
715,swin_t_dim_715,0.0,0.0,783,523,260
716,swin_t_dim_716,0.0001532997079772401,0.0,618,523,95
718,swin_t_dim_718,0.000528243265274329,0.0,210,523,-313
719,swin_t_dim_719,0.0005426872824456953,0.0,203,523,-320
704,swin_t_dim_704,0.0001272383155100722,0.0,651,523,128
705,swin_t_dim_705,2.8308088930655958e-05,0.0,753,523,230
706,swin_t_dim_706,0.0005675054335331526,0.0,183,523,-340
707,swin_t_dim_707,0.000192063275775066,0.0,566,523,43
708,swin_t_dim_708,0.00018863410802952892,0.0,570,523,47
709,swin_t_dim_709,0.0,0.0,783,523,260
710,swin_t_dim_710,0.00035001699626042114,0.0,359,523,-164
711,swin_t_dim_711,0.00028802077398714244,0.0,441,523,-82
761,swin_t_dim_761,0.00011296643590431041,0.0,663,523,140
763,swin_t_dim_763,0.00026542979352785695,0.0,467,523,-56
765,swin_t_dim_765,0.00038377171833535353,0.0,327,523,-196
766,swin_t_dim_766,0.00012345822420449341,0.0,657,523,134
767,swin_t_dim_767,0.00012622237255507566,0.0,653,523,130
752,swin_t_dim_752,5.593986200030531e-05,0.0,711,523,188
753,swin_t_dim_753,0.000311871624756476,0.0,400,523,-123
755,swin_t_dim_755,0.00036079786338186995,0.0,350,523,-173
756,swin_t_dim_756,8.60974220870427e-05,0.0,683,523,160
745,swin_t_dim_745,3.185878091592301e-05,0.0,738,523,215
746,swin_t_dim_746,0.0004081615981799593,0.0,303,523,-220
747,swin_t_dim_747,2.8992310299072525e-05,0.0,751,523,228
748,swin_t_dim_748,0.0003243062343867018,0.0,388,523,-135
750,swin_t_dim_750,0.0006791597866586873,0.0,120,523,-403
739,swin_t_dim_739,0.00017842155960759497,0.0,580,523,57
740,swin_t_dim_740,0.0004103154072169099,0.0,300,523,-223
742,swin_t_dim_742,0.0005104862483964341,0.0,215,523,-308
57,swin_t_dim_57,0.00032299199718673744,0.0,391,523,-132
58,swin_t_dim_58,2.7716283225390952e-05,0.0,754,523,231
59,swin_t_dim_59,0.0003559435673756416,0.0,358,523,-165
60,swin_t_dim_60,0.0008110152081995239,0.0,75,523,-448
61,swin_t_dim_61,0.0006342070318180923,0.0,146,523,-377
49,swin_t_dim_49,0.0002456979307332026,0.0,485,523,-38
50,swin_t_dim_50,0.00025124749547293657,0.0,479,523,-44
51,swin_t_dim_51,0.00023235097833880486,0.0,507,523,-16
52,swin_t_dim_52,0.00019609283325540796,0.0,560,523,37
53,swin_t_dim_53,3.199631950130044e-05,0.0,737,523,214
54,swin_t_dim_54,0.0005673870633546874,0.0,184,523,-339
55,swin_t_dim_55,0.000678940366230834,0.0,121,523,-402
42,swin_t_dim_42,0.0002673560665448931,0.0,464,523,-59
44,swin_t_dim_44,0.0006546114684357138,0.0,135,523,-388
45,swin_t_dim_45,0.00024341993017251194,0.0,495,523,-28
32,swin_t_dim_32,0.0002588901213872906,0.0,473,523,-50
33,swin_t_dim_33,0.00013602893433188322,0.0,643,523,120
35,swin_t_dim_35,0.0006806693407133757,0.0,119,523,-404
36,swin_t_dim_36,0.00021114249593163115,0.0,532,523,9
39,swin_t_dim_39,0.0005519007383025291,0.0,195,523,-328
0,swin_t_dim_0,0.00014715313253212768,0.0,624,523,101
