Architecture,Estimator,Accuracy,Precision,Recall,F1
resnet18,RF,0.893401015,0.89987226,0.893401015,0.895372059
resnet18,GB,0.893401015,0.89989581,0.893401015,0.895331008
resnet50,RF,0.903553299,0.918052168,0.903553299,0.906547021
resnet50,GB,0.918781726,0.930732275,0.918781726,0.920947687
vgg16,RF,0.913705584,0.90887803,0.913705584,0.914981166
vgg16,GB,0.893401015,0.899770128,0.893401015,0.894239999
vit_b_16,RF,0.898477157,0.911994604,0.898477157,0.90154442
vit_b_16,GB,0.898477157,0.90887803,0.898477157,0.901100578
swin_t,RF,0.893401015,0.898400102,0.893401015,0.895039465
swin_t,GB,0.903553299,0.907710485,0.903553299,0.904922335
