id,actual_label,rf_predicted_label,gb_predicted_label,rf_prob_class_0,gb_prob_class_0,rf_prob_class_1,gb_prob_class_1,rf_prob_class_2,gb_prob_class_2
242,2,2,2,0.0,0.0003019235711217845,0.0,3.922756307193167e-05,1.0,0.9996588488658064
465,2,2,2,0.0,1.7345361450828155e-05,0.0,8.811748144412548e-05,1.0,0.999894537157105
224,2,2,2,0.0,2.0455463830587457e-05,0.0,7.523728349567074e-05,1.0,0.9999043072526738
157,2,2,2,0.0,2.185355752970834e-05,0.0,6.368680522381434e-05,1.0,0.9999144596372466
36,2,2,2,0.0,2.8577615909554153e-05,0.0,9.857435261492734e-05,1.0,0.9998728480314756
175,2,2,2,0.0,2.0724393035933443e-05,0.0,0.0002653904979858073,1.0,0.9997138851089783
179,2,2,2,0.0,6.189562276953804e-05,0.0,0.00010555202935201718,1.0,0.9998325523478784
569,1,1,1,0.0565,0.0015094786647950312,0.9434999999999998,0.9982900458489984,0.0,0.00020047548620647873
105,0,0,0,0.9870238095238095,0.9993607259882316,0.012976190476190474,0.0006317919673823005,0.0,7.482044386351374e-06
103,0,0,0,0.9903571428571428,0.99937888037293,0.009642857142857142,0.0006124489570193783,0.0,8.670670050535518e-06
49,1,1,1,0.126,0.0027561275027447834,0.8690000000000001,0.9970817146109299,0.005,0.00016215788632533993
752,0,0,0,0.9191666666666666,0.9908819012895003,0.08083333333333334,0.009092795422829118,0.0,2.5303287670626003e-05
446,0,0,0,0.9763333333333333,0.9983878012431211,0.023666666666666666,0.0016028638817803028,0.0,9.334875098564775e-06
941,0,0,0,0.986,0.9993587208588289,0.013999999999999999,0.0006325467745604723,0.0,8.732366610596634e-06
18,1,1,1,0.01,0.00048057616559536937,0.99,0.9993753932703604,0.0,0.0001440305640443586
883,0,0,0,1.0,0.9996224727072687,0.0,0.00037148015485432797,0.0,6.047137876895088e-06
585,0,0,0,0.98875,0.9993261251557699,0.01125,0.0006667001393923463,0.0,7.174704837711631e-06
980,1,1,1,0.0,0.00016783912208608216,1.0,0.9997587563275848,0.0,7.340455032903128e-05
805,0,0,0,0.5010833333333333,0.7730715098716123,0.49725000000000014,0.22642779916993006,0.0016666666666666666,0.00050069095845756
751,1,1,1,0.0,0.0001378366830918519,1.0,0.9997750196790941,0.0,8.714363781401393e-05
820,0,1,1,0.25623809523809526,0.11476149411679648,0.7337619047619047,0.8833418498239497,0.01,0.0018966560592538152
99,0,0,0,0.5408214285714285,0.9153806654809501,0.44292857142857145,0.0833599101177787,0.01625,0.0012594244012710278
818,1,1,1,0.005,0.0004629988335012441,0.975595238095238,0.9989627592234305,0.019404761904761904,0.0005742419430681448
143,1,1,1,0.025,0.0012896060748341994,0.97,0.9985217520832019,0.005,0.00018864184196380586
82,0,1,0,0.48094047619047614,0.8448540169758784,0.5190595238095238,0.15434531328725712,0.0,0.0008006697368646669
447,1,1,1,0.1481904761904762,0.011302510635939036,0.8468095238095238,0.9878422638645317,0.005,0.0008552254995292264
898,1,1,1,0.0,0.001506423242651579,0.995,0.9982837620997059,0.005,0.00020981465764254248
741,2,2,1,0.0,0.0003179125806658791,0.45767857142857155,0.8244262806496341,0.5423214285714285,0.17525580676970007
232,1,1,1,0.0,0.00027436344147281524,0.9983333333333333,0.9996631293821598,0.0016666666666666666,6.25071763672051e-05
692,1,1,1,0.0,0.00010528744407564488,0.9983333333333333,0.9997082801894306,0.0016666666666666666,0.00018643236649373482
351,2,2,2,0.0,0.000313929010758383,0.43392857142857155,0.4417082785985549,0.5660714285714284,0.5579777923906868
400,1,1,1,0.1786111111111111,0.010990607549747178,0.8213888888888888,0.9885568761338587,0.0,0.0004525163163941331
613,0,1,0,0.49794444444444447,0.7350647937176827,0.5020555555555556,0.26479336660197,0.0,0.00014183968034719852
658,1,1,1,0.0019444444444444442,0.0012546006492501654,0.9980555555555555,0.9984916318265027,0.0,0.0002537675242469828
319,0,0,0,0.5156944444444445,0.8869178235911395,0.48430555555555554,0.11298242948735092,0.0,9.974692150955996e-05
177,1,1,1,0.0002777777777777778,0.0005710451822176101,0.9997222222222223,0.9992420897869724,0.0,0.00018686503080995326
388,1,1,1,0.0002777777777777778,0.00017064951488888387,0.9883888888888888,0.99959676801687,0.011333333333333332,0.00023258246824109987
3,1,1,1,0.0235,0.0006420060766388849,0.9765,0.9993238962279468,0.0,3.409769541434468e-05
830,1,1,1,0.0,0.00033882707117448144,1.0,0.9996204020091993,0.0,4.077091962610476e-05
925,1,1,1,0.0016666666666666666,0.0005447504661166239,0.9983333333333333,0.9994131537136751,0.0,4.209582020807994e-05
689,0,1,1,0.32866666666666666,0.021333307836430667,0.6713333333333334,0.9783758075341525,0.0,0.00029088462941677937
966,1,1,1,0.00475,0.00029698245618903934,0.9952500000000001,0.9996346609759335,0.0,6.83565678774589e-05
725,1,1,1,0.00375,0.00012209191116863138,0.99125,0.9997279652099116,0.005,0.0001499428789198211
732,1,1,1,0.005,0.0001469251551327651,0.995,0.9997867517104951,0.0,6.6323134372051e-05
770,1,1,1,0.0,0.00010107626343980901,1.0,0.9998425669551253,0.0,5.63567814350263e-05
535,1,1,1,0.0,5.934922329424199e-05,1.0,0.9998722894288492,0.0,6.836134785647375e-05
829,0,0,0,0.7154563492063492,0.994406310046556,0.28454365079365074,0.005562590371195139,0.0,3.109958224895847e-05
295,2,2,2,0.0,1.7324275086267545e-05,0.015,0.0001391366175304052,0.985,0.9998435391073833
56,2,2,2,0.0,1.0654981611114947e-05,0.0,6.91050572696629e-05,1.0,0.9999202399611191
687,2,2,2,0.0,1.0581126136791014e-05,0.0,6.860284981695459e-05,1.0,0.9999208160240464
726,2,2,2,0.0,1.1871295644181566e-05,0.0,9.388637482827148e-05,1.0,0.9998942423295275
156,2,2,2,0.0,1.1300256696983082e-05,0.0,9.092003125829069e-05,1.0,0.9998977797120447
618,2,2,2,0.0,1.556962707355459e-05,0.01,0.00020547845948968975,0.99,0.9997789519134368
665,2,2,2,0.0,1.571647861972575e-05,0.0,9.795971238274938e-05,1.0,0.9998863238089976
282,2,2,2,0.0,1.3605853429116814e-05,0.005,8.460993771447462e-05,0.995,0.9999017842088564
677,2,2,2,0.0,7.824008588635842e-06,0.0,8.518168778402562e-05,1.0,0.9999069943036273
907,2,2,2,0.0,1.3081552732672707e-05,0.0,0.00011281797883274007,1.0,0.9998741004684347
563,1,1,1,0.0075,0.0021990577821256055,0.82325,0.9925686631248706,0.16925,0.005232279093003835
838,1,1,1,0.0075,0.0006892979460249454,0.98125,0.999032752854571,0.01125,0.0002779491994041164
110,1,1,1,0.0,0.0020787831533755578,0.7355595238095237,0.9901186741564111,0.26444047619047617,0.0078025426902133856
491,1,1,1,0.00375,0.0005250258029938507,0.99625,0.9992455101744838,0.0,0.00022946402252251632
167,2,2,2,0.0,4.128117068841142e-05,0.01958333333333333,0.001370148693661078,0.9804166666666667,0.9985885701356506
436,2,1,1,0.0002777777777777778,0.0011586788510644628,0.7776388888888888,0.8658024325112903,0.22208333333333335,0.13303888863764526
435,1,1,1,0.048611111111111105,0.004444207984641515,0.6645555555555555,0.9300445092193319,0.2868333333333334,0.06551128279602653
756,2,1,1,0.028333333333333335,0.0030113380753696416,0.4983333333333333,0.5806509235848304,0.4733333333333334,0.41633773833979987
329,1,1,1,0.058190476190476195,0.0011323850654399467,0.871095238095238,0.9955650506303174,0.07071428571428572,0.0033025643042426532
869,0,0,0,0.7533095238095239,0.9911159151202238,0.23335714285714282,0.008835366980218988,0.013333333333333332,4.871789955721322e-05
606,0,0,0,0.7928928571428571,0.9911294057664755,0.19710714285714284,0.008821095091097176,0.01,4.949914242727874e-05
291,1,1,1,0.23116666666666666,0.04640688913904706,0.7513333333333333,0.9527226933947629,0.0175,0.0008704174661900964
596,2,2,2,0.005,8.279339683969597e-05,0.05375,0.0006327357857185413,0.94125,0.9992844708174417
652,1,1,1,0.03,0.00877866473301972,0.9195833333333333,0.9899339400477932,0.05041666666666667,0.0012873952191870645
391,1,1,1,0.0,0.000987789301690503,1.0,0.9989069044009725,0.0,0.00010530629733688093
635,0,0,0,0.9985714285714287,0.9995730491098785,0.0014285714285714286,0.0004158532372204176,0.0,1.1097652901065602e-05
374,0,1,1,0.27347619047619043,0.08744136609359758,0.7265238095238096,0.9117895808649278,0.0,0.000769053041474567
669,1,1,1,0.18648809523809526,0.06646681233018364,0.8135119047619047,0.9325634921089012,0.0,0.0009696955609151557
437,0,0,1,0.5164880952380951,0.25969187725334547,0.4835119047619048,0.7393464675353093,0.0,0.0009616552113451259
240,0,0,0,0.9985714285714287,0.9997477841179635,0.0014285714285714286,0.0002422350207383976,0.0,9.980861298080403e-06
264,0,0,0,0.8229166666666669,0.9893879183618759,0.17708333333333331,0.010522478057165534,0.0,8.960358095850564e-05
811,0,0,1,0.5092380952380953,0.11167106904685248,0.49076190476190473,0.8879080924852085,0.0,0.0004208384679390112
839,0,0,0,0.9659047619047619,0.9853071154579388,0.034095238095238095,0.014652503358369312,0.0,4.0381183691979954e-05
320,0,0,0,1.0,0.9997956669303516,0.0,0.00019299662048628745,0.0,1.1336449162141365e-05
541,0,0,0,1.0,0.9999213856393575,0.0,7.288195019365613e-05,0.0,5.732410448755589e-06
739,0,0,0,1.0,0.9998640682306535,0.0,0.000128270078688447,0.0,7.661690657885305e-06
940,0,0,0,1.0,0.999961356207066,0.0,3.248400750267366e-05,0.0,6.159785431313057e-06
25,0,0,0,0.8383333333333333,0.998812446382923,0.15666666666666665,0.000945483464351514,0.005,0.000242070152725539
247,0,0,0,1.0,0.9998807058624515,0.0,0.00011184823447304192,0.0,7.445903075509942e-06
887,0,0,0,1.0,0.9999747345696984,0.0,2.1157816375330646e-05,0.0,4.107613926376865e-06
396,0,0,0,1.0,0.9999709568536232,0.0,2.3974147345603185e-05,0.0,5.068999030994852e-06
151,0,0,0,0.9983333333333334,0.9992137781841404,0.0016666666666666666,0.0005650081418050935,0.0,0.0002212136740545737
867,0,0,0,1.0,0.9999621951760274,0.0,3.1992810529140015e-05,0.0,5.812013443386791e-06
936,0,0,0,1.0,0.9998797273990929,0.0,0.00011247277996109266,0.0,7.799820945869472e-06
390,0,0,0,1.0,0.9998326063741638,0.0,0.00015585490144428768,0.0,1.153872439194183e-05
459,0,0,0,1.0,0.9998398115603796,0.0,0.00015132572574189175,0.0,8.862713878548486e-06
942,0,0,0,1.0,0.9999787132957102,0.0,1.720064557740236e-05,0.0,4.0860587124013605e-06
662,0,0,0,0.95,0.995877486460293,0.05,0.002966311201688228,0.0,0.0011562023380188556
120,0,0,0,1.0,0.9999215937162087,0.0,7.288093430359552e-05,0.0,5.525349487675512e-06
139,0,0,0,1.0,0.9999709375625317,0.0,2.4459700564474973e-05,0.0,4.6027369036617866e-06
39,0,0,0,1.0,0.9999512290243249,0.0,4.231909874449394e-05,0.0,6.451876930674919e-06
922,0,0,0,1.0,0.9999316432740875,0.0,6.263929090821151e-05,0.0,5.717435004208214e-06
378,0,0,0,1.0,0.9997301371090078,0.0,0.0002471331948055367,0.0,2.2729696186614405e-05
828,0,0,0,1.0,0.9998286412663326,0.0,0.00016162622051571398,0.0,9.732513151780958e-06
401,0,0,0,1.0,0.9996611610058787,0.0,0.0003199820628954455,0.0,1.885693122604437e-05
722,0,0,0,1.0,0.9998234584694526,0.0,0.00016391426920072755,0.0,1.2627261346800219e-05
666,0,0,0,1.0,0.9997044233849103,0.0,0.000279208939110263,0.0,1.63676759795497e-05
653,0,0,0,1.0,0.9998168145062316,0.0,0.00016947468996049601,0.0,1.3710803807920075e-05
97,0,0,0,1.0,0.9997238741023119,0.0,0.0002454672716873226,0.0,3.0658626000782316e-05
251,0,0,0,1.0,0.9999589648058627,0.0,3.494776836273741e-05,0.0,6.087425774638419e-06
484,0,0,0,1.0,0.9998394688108424,0.0,0.0001519432670838455,0.0,8.587922073872586e-06
425,0,0,0,1.0,0.999948261575339,0.0,4.449002037283318e-05,0.0,7.2484042880282e-06
15,0,0,0,1.0,0.9999190281714382,0.0,7.44620066043495e-05,0.0,6.5098219573050325e-06
472,0,0,0,0.995,0.99279875320354,0.005,0.0069694562739955005,0.0,0.0002317905224643428
67,0,0,0,0.9698333333333332,0.9976144357365252,0.03016666666666666,0.0022664626279857917,0.0,0.00011910163548916251
826,0,0,0,0.99,0.9984244291556806,0.01,0.0015007413565290833,0.0,7.482948779030368e-05
659,0,0,0,1.0,0.9998704191507605,0.0,0.0001202735808503012,0.0,9.307268389287422e-06
95,0,0,0,1.0,0.9998372916294428,0.0,0.00015057368749981883,0.0,1.213468305747011e-05
977,0,0,0,1.0,0.9997316596388595,0.0,0.0002513222577786399,0.0,1.7018103361776402e-05
287,0,0,0,0.9785833333333334,0.9982179039711897,0.021416666666666667,0.001203731629088644,0.0,0.0005783643997217186
466,0,0,0,0.9785833333333334,0.9628834124139951,0.021416666666666667,0.03153973056917706,0.0,0.005576857016827766
142,0,0,0,0.9526904761904761,0.9370277048432453,0.04730952380952381,0.05422010030934074,0.0,0.008752194847413991
180,0,0,0,1.0,0.9999393168002264,0.0,5.1532123949149685e-05,0.0,9.151075824473249e-06
259,0,0,0,1.0,0.9999040735169147,0.0,8.837922561378159e-05,0.0,7.547257471505863e-06
280,0,0,0,1.0,0.9999191853403944,0.0,7.412822517525315e-05,0.0,6.686434430538323e-06
664,0,0,0,1.0,0.9996697578608138,0.0,0.0003058905882547679,0.0,2.435155093132054e-05
411,0,0,0,1.0,0.999698033254935,0.0,0.0002745790768823712,0.0,2.73876681824894e-05
885,0,0,0,1.0,0.9999147834031401,0.0,7.045202526690857e-05,0.0,1.4764571592914887e-05
758,0,0,0,1.0,0.9999267582473482,0.0,6.171583928178261e-05,0.0,1.1525913370132656e-05
17,1,1,1,0.081,0.001298903211886911,0.9046666666666667,0.9971260673007932,0.014333333333333333,0.0015750294873197919
148,1,1,1,0.13733333333333334,0.0019432521307240303,0.8358333333333335,0.9949602242116616,0.02683333333333333,0.0030965236576143557
276,0,0,0,0.8755833333333334,0.9996356083164797,0.1244166666666667,0.00035807347960644135,0.0,6.318203913757942e-06
861,0,0,0,0.889416666666667,0.9998779975754492,0.10558333333333335,0.00011573340535527681,0.005,6.269019195792556e-06
868,1,1,1,0.1376190476190476,0.005416359267141746,0.8573809523809521,0.9943601336015451,0.005,0.00022350713131331245
742,0,0,0,0.5419940476190477,0.8269930176490856,0.4580059523809523,0.17286327816137484,0.0,0.00014370418953956775
587,0,0,0,0.7081428571428573,0.9846663245668565,0.2918571428571429,0.01526147317732358,0.0,7.2202255819803e-05
325,0,0,0,0.889416666666667,0.9998779975754492,0.10558333333333335,0.00011573340535527681,0.005,6.269019195792556e-06
511,0,0,0,0.7375812324929971,0.9953034382798702,0.16741876750700282,0.004616436975863083,0.095,8.012474426665291e-05
395,1,1,1,0.019,0.00024324222020391027,0.9410833333333334,0.9995579598080403,0.03991666666666667,0.00019879797175594358
526,0,1,1,0.19541666666666666,0.0049134023599845264,0.8045833333333334,0.9948032146735148,0.0,0.0002833829665007428
346,1,1,1,0.149968253968254,0.0031911600983679043,0.8338234126984128,0.9967047620814083,0.016208333333333335,0.00010407782022367747
827,1,1,1,0.07936111111111112,8.568327833803137e-05,0.9077638888888889,0.9998756222115205,0.012875000000000001,3.869451014154969e-05
75,0,0,0,0.5108214285714285,0.8550111111525392,0.48417857142857146,0.144458239255218,0.005,0.0005306495922427229
469,1,1,1,0.034166666666666665,0.0015853085853772758,0.9479166666666667,0.9982750919126527,0.017916666666666668,0.00013959950196994024
62,1,1,1,0.1871785714285714,0.36468988488572895,0.804904761904762,0.6345554985123936,0.007916666666666667,0.000754616601877619
69,1,1,1,0.0325,0.000637133403910528,0.9291666666666666,0.9978901419538593,0.03833333333333333,0.001472724642230183
589,0,1,0,0.41700980392156867,0.7089975755788394,0.5779901960784314,0.2905592129590628,0.005,0.00044321146209788784
963,0,0,0,0.8719047619047618,0.989492079070983,0.1280952380952381,0.010475719886854374,0.0,3.220104216278212e-05
736,1,1,1,0.4028809523809523,0.2099979502220967,0.5971190476190477,0.7898556426299165,0.0,0.0001464071479868646
107,0,0,0,0.8733333333333333,0.9969128468856578,0.12666666666666668,0.0030519074666395104,0.0,3.524564770275215e-05
23,0,0,0,0.5548214285714286,0.7216999681314177,0.44517857142857153,0.27802604498507744,0.0,0.00027398688350499084
55,1,1,1,0.09230555555555556,0.008937006772329534,0.7864444444444445,0.9790909308975441,0.12124999999999998,0.011972062330126494
710,1,1,1,0.019833333333333335,0.0006849457754915157,0.823875,0.9943057761069414,0.15629166666666663,0.005009278117567115
315,0,0,0,0.7570833333333333,0.9934979380074351,0.23791666666666667,0.006488309689314061,0.005,1.3752303250931695e-05
694,1,1,1,0.03,0.0012497786801124063,0.5641666666666667,0.9204075544672063,0.4058333333333334,0.07834266685268118
539,1,1,1,0.17714227642276423,0.01789331989723363,0.8178577235772357,0.9819210167476339,0.005,0.0001856633551324134
859,1,1,1,0.03166666666666667,0.0005485878104720106,0.71625,0.9956663294651015,0.2520833333333333,0.0037850827244266068
412,1,1,1,0.004,0.0005574987866067199,0.7514166666666668,0.9964782746035382,0.24458333333333332,0.0029642266098548705
171,0,0,0,0.9970833333333334,0.9994448735128164,0.0029166666666666664,0.0005353925642824491,0.0,1.973392290098855e-05
746,0,0,0,0.9970833333333334,0.9994738940371017,0.0029166666666666664,0.0005070435800864825,0.0,1.9062382811767235e-05
158,0,0,0,0.9754166666666666,0.9999047945046678,0.024583333333333332,8.980456139800971e-05,0.0,5.400933934174167e-06
860,1,1,1,0.05155555555555555,0.007746117884716449,0.8406944444444444,0.9882814185547488,0.10775,0.0039724635605348614
164,1,1,1,0.02,0.0011087417314534012,0.939375,0.9971820881346681,0.040625,0.001709170133878475
776,1,1,1,0.26622560975609755,0.3008113888231987,0.6651910569105692,0.6937118630030262,0.06858333333333333,0.00547674817377516
28,0,1,0,0.4652256097560975,0.9242333196499561,0.5197743902439025,0.07485949594737833,0.015,0.0009071844026654886
674,1,1,1,0.005,0.0009326205494793856,0.49807142857142855,0.9050198581270923,0.49692857142857144,0.0940475213234284
821,0,0,0,1.0,0.999989761127514,0.0,6.322520200143311e-06,0.0,3.916352285862693e-06
125,0,0,0,0.997,0.9996470558372539,0.003,0.0002604691193422234,0.0,9.247504340386825e-05
347,0,0,0,0.96625,0.9983772628433619,0.03375,0.0015772597814283792,0.0,4.547737520977276e-05
590,0,0,0,1.0,0.9997222436325055,0.0,0.000258375138960219,0.0,1.938122853427408e-05
577,0,0,0,0.99,0.9981913871669545,0.01,0.0008751868585677046,0.0,0.0009334259744778178
115,0,0,0,1.0,0.9999826096093878,0.0,1.3779587672187424e-05,0.0,3.610802939979499e-06
409,0,0,0,1.0,0.9999037830695192,0.0,8.652613402849524e-05,0.0,9.690796452363137e-06
210,0,0,0,1.0,0.999571472741214,0.0,0.0004085659061513785,0.0,1.996135263442449e-05
774,0,0,0,1.0,0.9997658072498653,0.0,0.0002164184311152179,0.0,1.777431901955664e-05
168,0,0,0,1.0,0.9997479348832461,0.0,0.0002342441176147604,0.0,1.782099913909127e-05
825,0,0,0,0.995,0.9998547006125356,0.005,0.00013265057883562567,0.0,1.264880862874228e-05
375,0,0,0,1.0,0.9999362265219539,0.0,5.436942814992747e-05,0.0,9.404049896355334e-06
627,0,0,0,1.0,0.9999642882014751,0.0,2.9756152336951143e-05,0.0,5.955646188140083e-06
533,0,0,0,1.0,0.9999628528577507,0.0,3.1250539013946115e-05,0.0,5.896603235496686e-06
48,0,0,0,1.0,0.9999718280920239,0.0,2.312843082466302e-05,0.0,5.0434771515395e-06
371,0,0,0,1.0,0.9999587129633416,0.0,3.4942395947995594e-05,0.0,6.3446407104027445e-06
600,0,0,0,1.0,0.9999643010894982,0.0,2.9353624680810767e-05,0.0,6.345285820943227e-06
70,0,0,0,1.0,0.9999676723733656,0.0,2.580101469869822e-05,0.0,6.526611935718284e-06
509,0,0,0,1.0,0.9999605413955215,0.0,3.307435454014648e-05,0.0,6.384249938347361e-06
576,0,0,0,1.0,0.9999536151835885,0.0,3.969749110116838e-05,0.0,6.687325310413762e-06
591,0,0,0,1.0,0.9999767970357454,0.0,1.8805334984408895e-05,0.0,4.397629270185619e-06
438,0,0,0,1.0,0.9999855343994106,0.0,1.0667669306225648e-05,0.0,3.797931283160357e-06
693,0,0,0,1.0,0.9999803823123208,0.0,1.5584258945001514e-05,0.0,4.033428734271199e-06
318,0,0,0,1.0,0.9999751025961585,0.0,2.0794242645183366e-05,0.0,4.103161196195739e-06
803,0,0,0,1.0,0.999971320342892,0.0,2.3574255584005127e-05,0.0,5.10540152384819e-06
203,0,0,0,0.98,0.9993970640676724,0.015,0.0005570909541759032,0.005,4.5844978151828554e-05
504,0,0,0,1.0,0.9999792219085667,0.0,1.7276181825609557e-05,0.0,3.501909607883324e-06
87,0,0,0,1.0,0.9999388342141668,0.0,5.573658956806073e-05,0.0,5.42919626518551e-06
831,0,0,0,1.0,0.9999814625584664,0.0,1.3984704363749628e-05,0.0,4.552737169764745e-06
684,0,0,0,1.0,0.9999840279920368,0.0,1.202709891369778e-05,0.0,3.944909049418016e-06
369,0,0,0,1.0,0.999843474863852,0.0,0.00014697083357474903,0.0,9.554302573193912e-06
583,0,0,0,1.0,0.9999739028070004,0.0,2.172285034912525e-05,0.0,4.3743426506625425e-06
349,0,0,0,0.99,0.9993229090671177,0.01,0.0006377203282388666,0.0,3.9370604643395943e-05
797,0,0,0,1.0,0.9999491458194034,0.0,4.550629783763166e-05,0.0,5.347882758745165e-06
