feature,importance
unlabelled_input_ratio,0.08179406277799126
alt_text_coverage,0.061799467981588696
unlabelled_link_ratio,0.059718223153658004
num_images,0.05446549612029227
num_aria_hidden,0.054049808962378126
text_density_proxy,0.05003874857934262
num_images_without_alt,0.04824599975100731
contrast,0.0477602234119963
colour_variance,0.046817034834679666
edge_density,0.04536849437342294
num_buttons,0.03963760484321034
brightness_variance,0.036790175341620227
dom_depth,0.034704623046770126
semantic_element_ratio,0.03340881869536598
whitespace_ratio,0.03200249482427736
num_links,0.03147302622875514
num_headings,0.03008804971147456
aria_attribute_density,0.02431545093280984
num_aria_attributes,0.02281334447338337
num_paragraphs,0.022433773728846876
has_nav_landmark,0.02109718509825634
word_count,0.01793310335821554
num_advertisement_iframes,0.015885680798808213
num_non_ad_iframes,0.014963998137100778
average_paragraph_word_count,0.014272344812659448
heading_level_skips,0.0141719051652678
num_aria_label,0.01209903078537104
unlabelled_button_ratio,0.010835749810437601
has_main_landmark,0.007891742285725159
num_aria_live,0.006768204151254422
num_forms,0.004597842823003481
num_aria_labelledby,0.001262369771885546
empty_heading_count,0.0004959212291436473
